step,layer_0,layer_1,layer_2,layer_3,layer_4,layer_5,layer_6,layer_7
0,0.4846,0.462,0.4435,0.4314,0.42,0.4154,0.4065,0.4008
400,0.4948,0.4772,0.4638,0.4551,0.4493,0.4484,0.4482,0.4478
800,0.5339,0.5279,0.5272,0.5256,0.5292,0.5368,0.5435,0.5486
1200,0.5675,0.5693,0.5737,0.5801,0.588,0.5931,0.5977,0.6016
1600,0.5873,0.5958,0.6022,0.6106,0.6183,0.6246,0.6283,0.6311
2000,0.6011,0.6138,0.6216,0.6319,0.6378,0.641,0.6459,0.6468
2400,0.6097,0.6235,0.6334,0.6458,0.6503,0.6521,0.6535,0.6541
2800,0.6175,0.6326,0.64,0.6522,0.6581,0.6615,0.6628,0.662
3200,0.6231,0.6392,0.6482,0.657,0.6642,0.6665,0.6678,0.6665
3600,0.6275,0.6431,0.6521,0.6617,0.6681,0.6685,0.6675,0.6662
4000,0.6313,0.6476,0.6563,0.6665,0.6716,0.6732,0.6734,0.672
8000,0.6453,0.6649,0.6784,0.6867,0.6902,0.6901,0.6853,0.6794
12000,0.6499,0.6723,0.6862,0.693,0.6978,0.6985,0.6926,0.6824
16000,0.654,0.678,0.6907,0.699,0.7029,0.7017,0.697,0.6855
20000,0.657,0.6808,0.6936,0.7016,0.706,0.7053,0.6972,0.6872
24000,0.6582,0.6822,0.6957,0.704,0.7075,0.7073,0.699,0.6877
28000,0.6601,0.6851,0.6978,0.7065,0.709,0.7084,0.7006,0.6872
32000,0.6607,0.6867,0.698,0.7053,0.7091,0.708,0.7012,0.6901
36000,0.6608,0.6868,0.699,0.7076,0.7098,0.7094,0.7018,0.6877
40000,0.662,0.69,0.6998,0.7081,0.711,0.7094,0.702,0.6891
44000,0.6621,0.6901,0.7015,0.7089,0.7119,0.7104,0.7022,0.688
48000,0.6639,0.6927,0.7033,0.7106,0.7127,0.71,0.703,0.6892
52000,0.6633,0.6912,0.7028,0.711,0.7135,0.7115,0.7035,0.6902
56000,0.663,0.6912,0.7039,0.711,0.7137,0.7119,0.7047,0.6907
60000,0.6625,0.6914,0.7047,0.713,0.7151,0.7128,0.7048,0.6921
64000,0.6641,0.6927,0.7055,0.714,0.7164,0.714,0.706,0.6929
68000,0.6641,0.693,0.7039,0.7138,0.715,0.7127,0.7051,0.6923
72000,0.6639,0.6925,0.7052,0.7146,0.717,0.7135,0.7052,0.6921
76000,0.6658,0.6925,0.7056,0.7152,0.7175,0.7145,0.7072,0.6931
80000,0.6664,0.694,0.7061,0.7146,0.7164,0.7126,0.705,0.6925
84000,0.6663,0.6947,0.7059,0.7142,0.7168,0.7142,0.7059,0.6918
88000,0.6665,0.6949,0.7063,0.715,0.7174,0.7139,0.7065,0.6929
92000,0.6665,0.6936,0.7055,0.7142,0.7172,0.7142,0.7067,0.6925
96000,0.6668,0.6948,0.7064,0.7148,0.7181,0.7135,0.7063,0.6929
100000,0.6656,0.6943,0.706,0.7147,0.7182,0.7145,0.7077,0.6933
104000,0.667,0.6951,0.7068,0.7161,0.7187,0.7149,0.707,0.6931
108000,0.6671,0.6961,0.7083,0.7166,0.7193,0.7153,0.7081,0.6939
112000,0.6659,0.6946,0.7057,0.7155,0.7175,0.7133,0.7063,0.6925
116000,0.6679,0.6957,0.7066,0.7174,0.7194,0.7152,0.7075,0.6937
117188,0.668,0.6966,0.707,0.7176,0.7196,0.7144,0.7071,0.6935
